miner_ip,switch_port,pdu_ip,pdu_port,miner_type,Status
174.75.251.233,46,0.149.33.43,4,Crosby,com.godaddy.Redhold
123.202.211.30,4,4.47.217.5,14,Kendall,uk.co.timesonline.Regrant
142.66.180.164,48,161.166.106.21,17,Martainn,com.chicagotribune.Y-Solowarm
205.82.31.205,2,242.103.191.152,3,Mattie,com.parallels.Fix San
228.188.20.124,48,28.176.60.252,20,Rip,uk.co.amazon.Overhold
83.164.99.13,46,65.168.119.47,3,Marcelo,com.statcounter.Duobam
65.151.114.174,23,74.90.82.164,19,Tabor,com.storify.Rank
170.147.34.223,15,170.105.246.22,23,Rod,com.businessinsider.Konklux
138.93.67.87,21,82.207.247.47,16,Cornall,com.time.Rank
18.237.189.86,23,34.166.64.197,4,Jereme,com.alibaba.Toughjoyfax
182.11.33.131,18,54.147.188.92,23,Levy,com.printfriendly.It
41.77.50.6,9,194.197.179.2,21,Ferdinand,info.aboutads.Span
180.123.36.118,3,75.148.164.72,7,Dieter,com.soundcloud.Bitwolf
234.198.140.114,34,14.186.91.245,1,Oates,ch.admin.Ventosanzap
134.84.70.61,34,238.2.176.222,11,Worden,com.prnewswire.Konklux
176.132.77.17,21,41.117.161.87,21,Cesaro,eu.europa.Fix San
117.68.4.78,17,102.235.45.223,20,Thayne,com.dagondesign.Bigtax
61.19.188.78,14,38.5.206.217,5,Kerr,ru.liveinternet.Tin
42.250.112.134,25,255.121.37.251,21,Humphrey,com.jigsy.Greenlam
13.177.24.248,18,219.228.254.75,9,Pascale,com.yolasite.Bytecard
186.124.110.255,10,148.187.95.152,22,Jeramey,com.163.Stronghold
170.18.101.169,44,246.7.61.110,5,Merv,gd.is.Sonair
11.146.113.44,5,217.230.122.232,1,Marv,com.cloudflare.Greenlam
69.108.165.135,40,161.44.207.128,8,Janos,com.paypal.Stim
235.122.183.185,38,177.109.163.130,2,Cullin,com.twitter.Keylex
181.106.190.178,39,148.170.199.195,24,Boris,com.marriott.Mat Lam Tam
62.72.186.18,24,192.227.87.103,21,Vincenz,ly.ow.Holdlamis
159.138.150.202,6,151.192.58.251,24,Cazzie,com.bandcamp.Pannier
38.190.148.214,48,221.248.90.2,4,Desi,com.cafepress.Bigtax
93.5.18.186,46,129.101.23.96,8,Eugenio,cn.gov.miitbeian.Voyatouch
157.177.6.184,43,7.215.78.99,1,Lauren,tv.ustream.Tresom
149.28.106.141,37,253.239.225.151,16,Lalo,com.engadget.Sonair
96.238.252.31,15,26.169.18.112,21,Jeddy,com.imgur.Regrant
13.20.222.26,7,51.159.167.90,16,Angie,gov.census.Wrapsafe
67.202.116.99,31,34.189.4.3,19,Rupert,com.fc2.Kanlam
200.204.125.134,48,55.4.185.49,18,Bogey,gov.house.Treeflex
148.62.64.88,3,226.198.201.1,20,Durand,fr.unblog.Holdlamis
14.180.145.50,8,54.131.69.32,5,Creight,cn.com.china.Regrant
125.204.227.224,41,59.151.141.166,15,Thorvald,com.netlog.Stringtough
157.246.155.208,7,172.202.130.45,21,Cyril,cz.phoca.Aerified
248.40.39.73,28,110.183.152.245,5,Dallon,com.merriam-webster.Sub-Ex
69.127.31.217,39,62.17.151.109,2,Mitch,com.posterous.Tresom
204.64.12.111,34,127.92.4.70,12,Alec,mil.army.Asoka
105.217.70.140,38,107.12.219.35,15,Gil,org.simplemachines.Zamit
156.52.103.119,32,50.161.201.254,16,Carter,org.slashdot.Tempsoft
50.200.207.111,16,172.157.162.87,20,Berty,gov.epa.Tin
247.227.54.63,5,121.82.107.197,16,Merill,com.ycombinator.Ronstring
183.133.252.194,35,52.215.185.228,9,Levey,cz.mapy.Otcom
1.120.65.4,32,163.36.222.101,5,Bay,com.blinklist.Viva
23.214.83.204,36,193.251.189.4,2,Lannie,com.latimes.Alphazap
58.125.66.239,26,152.187.235.48,14,Egbert,com.dedecms.Y-find
225.30.255.188,12,37.100.63.1,7,Conrade,ru.mail.Ronstring
164.113.205.123,7,197.124.214.118,21,Osborn,edu.uiuc.Fintone
237.126.145.57,28,213.10.63.1,2,Bev,edu.ucla.Fix San
88.35.15.1,42,103.40.212.53,3,Stanford,jp.ne.goo.Cardguard
119.177.187.124,48,115.28.197.186,19,Britt,com.answers.Overhold
157.123.92.53,23,246.208.7.74,16,Griffy,gov.loc.Holdlamis
40.3.80.71,38,34.85.48.211,8,Lane,cn.com.sina.Bamity
68.178.30.239,19,92.84.94.251,1,Syd,fr.pagesperso-orange.Zaam-Dox
15.179.204.247,11,89.192.84.138,6,Colan,cz.phoca.Bitwolf
176.54.202.55,13,98.16.82.82,24,Hermon,edu.umich.Tin
32.194.165.154,39,44.243.105.181,21,Ramsay,com.scientificamerican.Bigtax
67.106.126.100,5,187.175.124.148,17,Gallagher,com.cargocollective.Y-Solowarm
29.106.100.218,20,176.84.13.9,13,Thorin,ru.google.Tin
204.183.26.205,30,170.87.152.198,11,Wilek,be.youtu.Overhold
110.166.208.198,22,252.7.1.247,11,Geri,com.fotki.Tres-Zap
205.102.254.243,10,25.238.48.14,15,Troy,com.gizmodo.Zontrax
28.21.94.24,14,25.80.19.157,19,Cletis,com.tripod.Quo Lux
155.29.8.82,43,240.70.12.222,3,Corby,com.howstuffworks.Cardguard
88.69.19.150,38,185.12.15.178,1,Marlon,com.examiner.Bytecard
106.128.143.214,48,241.128.237.171,11,Francis,com.xinhuanet.Konklux
56.63.218.123,37,120.184.197.86,15,Cody,com.elegantthemes.Gembucket
144.127.236.18,23,79.223.0.91,24,Lucais,com.theguardian.Fixflex
178.74.173.24,11,178.8.214.144,2,Boniface,gov.ed.Bitwolf
232.56.242.213,18,6.107.23.97,11,Yorke,com.studiopress.Cardguard
67.138.207.148,18,85.253.95.192,1,Perkin,com.reuters.Aerified
69.245.35.241,37,254.108.145.243,19,Robert,org.opensource.Cardify
254.162.235.163,27,95.241.190.131,6,Averill,com.cocolog-nifty.Sub-Ex
138.20.155.92,33,162.54.99.13,15,Malachi,com.answers.Treeflex
215.32.136.16,21,169.123.223.123,7,Hugo,mil.army.Ronstring
156.86.128.201,1,198.60.224.178,24,Ira,co.g.Redhold
136.138.221.29,9,82.135.98.23,22,Konstantin,com.cbslocal.Rank
211.138.51.215,25,238.114.27.49,3,Gan,com.ihg.Stringtough
104.185.76.74,13,211.64.149.4,9,Tyrone,ch.admin.Zontrax
87.58.47.106,10,85.186.97.95,19,Noak,com.etsy.Asoka
24.240.77.241,18,41.212.27.182,18,Kurtis,it.google.Duobam
139.222.179.54,9,184.88.173.218,3,Fitzgerald,gov.loc.Alphazap
231.171.189.219,34,237.28.244.169,2,Alf,com.sun.Zamit
196.175.167.73,17,204.17.228.150,10,Adamo,la.51.Vagram
31.53.100.243,9,236.45.44.237,16,Spence,net.earthlink.Tresom
153.152.79.30,17,157.198.25.40,16,Garv,com.wsj.Fixflex
126.230.18.114,44,157.132.147.120,17,Waring,net.jalbum.Keylex
253.221.170.145,10,203.179.35.205,18,Hastings,com.ehow.Lotlux
158.205.131.183,38,25.135.116.235,21,Lukas,ru.yandex.Tin
219.123.200.183,1,130.65.164.36,22,Garrot,com.ycombinator.Solarbreeze
191.222.239.49,21,217.1.53.228,12,Bogey,com.cafepress.Mat Lam Tam
219.4.89.229,4,220.117.23.114,20,Templeton,uk.co.ebay.Konklab
243.33.112.68,21,190.4.127.46,7,Bryan,com.tmall.Pannier
106.112.10.44,48,217.87.65.252,14,Stavros,cn.gov.miibeian.Kanlam
27.105.207.171,17,205.91.150.170,13,Hort,com.ted.Quo Lux
67.183.49.51,37,20.59.102.191,16,Randal,com.acquirethisname.Regrant
82.119.237.134,8,204.60.23.197,2,Franklin,com.alibaba.Tempsoft
234.51.94.2,47,219.217.245.55,4,Quentin,edu.uiuc.Pannier
78.103.217.129,45,73.30.75.117,2,Emlyn,com.huffingtonpost.Lotlux
101.54.145.28,48,102.178.176.180,15,Lauren,com.nifty.Lotlux
16.57.47.28,1,59.162.82.68,6,Earlie,com.zdnet.Y-Solowarm
189.146.108.119,34,140.203.157.213,3,Rodolph,com.eventbrite.Temp
51.23.91.63,33,203.218.111.178,5,Benedetto,com.huffingtonpost.Stim
94.58.178.198,33,216.174.159.23,16,Skippy,com.nytimes.Andalax
149.35.139.45,37,91.244.225.115,15,Delaney,vu.de.Home Ing
78.226.6.236,2,43.96.176.65,23,Forrester,org.wordpress.Treeflex
133.147.23.30,22,1.180.239.222,20,Orrin,nl.google.Voltsillam
255.75.29.41,38,199.220.162.207,24,Farleigh,com.dropbox.Latlux
209.62.79.9,29,82.132.84.158,20,Porter,com.indiegogo.Opela
100.219.202.17,37,142.0.240.60,17,Base,com.oracle.Overhold
127.243.24.137,4,201.76.1.101,16,Vachel,it.paginegialle.Ronstring
54.71.130.219,26,221.208.208.129,12,Pinchas,com.bluehost.Asoka
64.24.48.246,47,44.126.201.94,4,Darcy,com.artisteer.It
3.42.1.246,22,28.255.199.77,21,Tucker,org.npr.Tampflex
251.255.212.186,29,15.69.68.32,20,Rolfe,org.w3.Asoka
1.196.218.236,30,145.132.55.220,12,Holly,jp.jugem.Bitwolf
104.48.244.123,9,90.134.222.28,19,Benedicto,com.addthis.Kanlam
89.172.153.79,12,151.144.39.78,10,Lenard,ru.yandex.Vagram
77.229.229.2,3,66.62.233.54,17,Oren,com.typepad.Stringtough
30.185.18.138,37,47.157.39.1,13,Eduardo,ru.liveinternet.Temp
137.45.148.7,38,0.204.203.231,19,Izzy,com.symantec.Y-Solowarm
127.157.72.250,20,78.87.18.113,1,Iorgos,pl.google.Stronghold
79.59.212.2,47,63.94.153.114,7,Waldon,com.newyorker.Zamit
158.39.118.177,19,135.198.238.13,12,Cyrillus,com.domainmarket.Zaam-Dox
40.75.159.190,2,9.201.52.5,1,Durante,com.shutterfly.Alpha
145.187.182.103,15,88.70.46.198,20,Max,com.usnews.Home Ing
103.207.140.119,1,39.83.200.78,11,Field,com.foxnews.Veribet
149.229.104.232,23,119.102.90.87,18,Town,uk.co.webeden.Hatity
47.204.61.98,23,48.128.127.64,5,Vaughan,uk.co.timesonline.Ventosanzap
34.50.40.161,7,45.75.175.189,16,Robinet,com.usatoday.Temp
33.233.234.32,33,81.123.165.14,4,Sergeant,com.reference.Keylex
31.50.149.76,37,242.25.146.114,21,Claudius,com.kickstarter.Matsoft
109.121.136.31,4,46.32.205.117,16,Cos,jp.jugem.Cardguard
217.245.192.106,29,143.23.103.153,23,Huntley,it.paginegialle.Fixflex
125.187.83.14,20,173.40.206.191,14,Brit,gov.whitehouse.Sonair
163.246.59.58,42,92.185.63.177,3,Eadmund,com.arstechnica.Fixflex
148.88.221.105,21,86.228.135.178,1,Ferdinand,org.unesco.Biodex
166.220.144.70,21,102.85.189.174,24,Ingelbert,com.oakley.Konklab
74.219.148.163,29,28.245.113.129,23,Alphonso,com.slate.Daltfresh
97.162.40.171,43,246.108.200.213,12,Shermy,jp.co.yahoo.Job
125.217.1.209,37,241.150.233.96,10,Lazare,com.hao123.Daltfresh
42.50.242.162,42,214.8.148.110,4,Anthony,net.cpanel.Solarbreeze
177.190.97.202,18,228.159.204.96,12,Antons,com.deliciousdays.Y-find
172.103.249.121,6,27.136.64.7,17,Nickolas,com.cocolog-nifty.Rank
81.234.152.132,22,174.36.139.121,4,Fairleigh,com.wiley.Bitchip
1.159.224.76,10,26.242.255.212,7,Read,com.wp.Fintone
80.20.39.58,18,132.244.36.146,13,Sascha,com.boston.Wrapsafe
234.149.121.28,12,37.45.246.127,16,Jean,cn.gov.miitbeian.Sub-Ex
17.197.131.61,29,111.24.138.231,3,Goddard,com.nbcnews.Overhold
231.234.71.173,31,144.1.131.187,15,Roi,com.buzzfeed.Tin
203.45.219.216,16,51.109.163.193,8,Rurik,cn.360.Zontrax
236.91.53.107,39,18.201.255.141,5,Traver,jp.ne.ocn.Konklab
94.40.166.212,8,9.51.134.242,17,Paddy,com.jigsy.Latlux
128.25.161.81,28,212.111.45.164,4,Mortie,com.paypal.Tres-Zap
33.73.186.128,14,69.92.149.171,22,Leland,com.xrea.Pannier
226.104.184.201,36,33.46.36.251,1,Barrie,org.gmpg.Stronghold
113.3.129.59,37,151.227.13.141,18,Sergent,com.blogtalkradio.Voltsillam
174.159.138.0,26,38.85.92.132,11,Antone,com.wufoo.Fixflex
250.54.130.98,19,37.170.178.172,15,Nathan,jp.ne.so-net.Tres-Zap
183.38.71.178,29,32.29.103.97,24,Olag,org.archive.Zathin
18.42.211.32,4,167.63.43.142,9,Carney,com.mlb.Cardify
14.177.209.120,45,108.240.110.134,20,Earl,com.omniture.Lotstring
6.34.44.138,11,223.64.88.210,24,Renato,ru.yandex.Tres-Zap
46.28.69.102,26,114.51.228.176,9,Zacharie,com.newyorker.Ventosanzap
5.115.117.58,8,65.220.183.61,23,Eddy,com.digg.Kanlam
37.59.57.112,20,209.81.142.181,5,Rudie,com.dailymotion.Overhold
144.26.114.50,40,17.164.53.195,6,Syman,org.simplemachines.Sonsing
123.65.166.140,38,73.159.99.109,3,Pall,com.prnewswire.Prodder
190.180.110.117,33,118.218.245.64,20,Mandel,com.omniture.Span
234.201.200.93,41,155.93.3.12,21,Bengt,us.tx.state.Zontrax
47.108.14.239,31,199.161.116.184,19,Anatol,jp.i2i.Temp
89.229.112.3,2,133.234.240.65,2,Shayne,com.engadget.Aerified
246.231.249.243,8,194.222.214.149,10,Mozes,de.e-recht24.Zamit
156.210.242.182,44,241.207.176.87,19,Stearne,com.prweb.Solarbreeze
190.244.167.234,31,241.45.110.104,7,Nevile,com.feedburner.Flexidy
109.210.24.81,26,87.125.6.217,10,Buddie,com.merriam-webster.Prodder
3.96.185.8,5,136.76.239.167,1,Lammond,com.ibm.Tin
62.106.89.191,43,146.2.222.229,12,Raynor,com.blogtalkradio.Viva
106.31.178.203,45,142.165.99.187,6,Ginger,com.histats.Treeflex
20.211.125.60,38,85.169.184.96,18,Vaughn,be.youtu.Vagram
65.69.235.77,43,39.55.60.31,19,Cullie,com.dell.Matsoft
148.126.105.158,43,58.63.226.97,7,Kennith,com.webmd.Bamity
153.66.74.254,37,153.186.19.84,7,Igor,com.hubpages.Zamit
175.5.193.35,34,203.218.51.139,7,Barrie,com.mtv.Otcom
11.225.2.13,25,194.141.55.52,11,Hort,com.blogger.Zontrax
171.0.91.141,34,41.117.15.90,23,Rich,com.businesswire.Biodex
64.246.161.227,44,141.225.156.80,6,Les,org.networkadvertising.Y-Solowarm
252.163.224.188,45,92.240.162.186,16,Neill,com.stumbleupon.Alphazap
80.1.214.116,40,153.236.159.5,19,Augustine,org.mozilla.Daltfresh
252.75.229.199,11,22.48.112.4,9,Cyril,com.techcrunch.Aerified
255.148.193.131,2,188.217.222.132,11,Tully,com.omniture.Vagram
192.190.88.247,40,11.177.74.2,16,Chev,jp.ameblo.Lotstring
221.254.41.58,19,131.10.65.38,21,Seamus,com.boston.Domainer
20.34.255.254,47,186.218.99.239,3,Pat,org.gmpg.Bamity
202.165.148.252,15,96.0.35.47,2,Hernando,com.macromedia.Alphazap
3.93.85.32,44,164.191.18.207,5,Ilario,us.tx.state.Zathin
119.0.214.176,4,123.203.33.123,17,Vassily,com.histats.Quo Lux
16.241.106.138,44,197.113.121.119,7,Gaultiero,com.ucoz.Sonair
50.164.178.99,42,4.224.56.108,6,Rene,edu.psu.Opela
38.43.159.104,25,113.170.10.34,22,Pieter,com.scientificamerican.Zoolab
217.90.47.159,23,123.132.224.240,19,Bo,com.time.Tin
168.228.102.197,3,140.15.86.73,20,Nikolas,com.indiegogo.Veribet
137.100.151.45,41,203.131.88.28,2,Ly,org.w3.Bamity
158.36.81.176,6,191.74.5.182,21,Alleyn,com.histats.Aerified
27.47.153.90,10,199.22.190.54,9,Vasilis,net.seesaa.Job
152.63.186.107,24,254.90.164.67,22,Luis,com.wp.Lotlux
44.172.63.248,22,9.50.77.91,5,Shelley,com.vistaprint.Gembucket
33.15.80.181,3,120.61.124.58,5,Maury,uk.co.timesonline.Stronghold
70.13.143.134,44,9.22.182.107,23,Hugibert,com.amazon.Greenlam
183.246.213.118,10,141.143.67.172,10,Guss,io.pen.Sub-Ex
23.84.233.21,13,40.222.203.72,14,Pietro,com.woothemes.Alpha
170.82.3.226,34,82.10.126.134,18,Derry,edu.wisc.Zathin
85.218.120.142,30,106.21.111.226,1,Laurence,com.wunderground.Matsoft
133.203.101.102,34,190.80.7.25,11,Grenville,uk.co.ebay.Andalax
190.4.44.214,48,13.105.133.154,20,Chet,com.statcounter.Trippledex
188.49.118.110,30,70.201.169.76,24,Seth,com.cnbc.Greenlam
41.8.55.240,3,147.74.231.192,1,Lammond,com.example.Voltsillam
107.168.94.136,35,113.29.212.119,8,Silvain,com.buzzfeed.Y-find
229.197.209.56,22,197.220.30.203,6,Gunar,com.meetup.Konklux
72.166.163.86,22,44.98.167.21,5,Joshuah,gov.nps.Temp
190.56.93.14,15,162.159.181.6,2,Dalli,com.taobao.Keylex
67.255.124.13,38,161.142.23.129,4,Wilmar,com.go.Alphazap
93.20.169.239,44,57.174.15.25,19,Hilario,com.ihg.Cardguard
98.115.227.221,17,20.136.203.143,1,Loren,com.seattletimes.Tres-Zap
8.42.51.232,40,235.201.227.80,15,Bartlett,org.opensource.Tampflex
103.110.255.117,28,160.195.239.231,12,Barr,org.dmoz.Alpha
253.25.200.207,15,112.112.153.185,9,Graeme,com.issuu.Flowdesk
250.155.84.159,37,95.222.74.77,17,Hayward,jp.jugem.Bigtax
114.181.63.56,4,60.49.241.20,13,Wood,com.oakley.Rank
167.161.210.248,43,61.162.118.170,23,Eziechiele,gov.usgs.Zamit
21.164.118.62,43,104.107.182.148,16,Cy,com.artisteer.Lotlux
253.251.165.82,1,11.145.194.13,24,Abraham,gov.nasa.Latlux
39.125.251.87,42,135.13.18.85,9,Bevin,net.earthlink.Quo Lux
141.233.234.5,20,242.173.162.153,24,Winnie,fr.pagesperso-orange.Temp
185.146.37.139,37,86.195.72.235,14,Yul,cn.360.Voltsillam
86.138.166.254,44,34.59.67.106,10,Halsey,br.com.uol.Alpha
17.5.186.180,47,45.145.74.211,9,Freedman,org.dyndns.Fix San
168.86.63.208,11,198.6.148.111,8,Marlowe,com.nba.Namfix
82.222.253.120,23,5.238.255.8,23,Van,com.posterous.Tres-Zap
0.104.13.155,3,110.140.113.71,24,Darren,com.marriott.Prodder
86.212.27.178,16,15.240.47.37,23,Albert,au.org.auda.Sonair
221.155.27.186,14,199.20.165.165,19,Bordie,gov.ca.Viva
111.187.224.108,37,247.218.240.47,9,Obidiah,edu.umich.Holdlamis
181.31.232.240,24,244.179.160.36,17,Haskell,com.techcrunch.Zontrax
190.214.246.43,10,84.122.252.228,2,Sunny,com.addtoany.Domainer
180.214.49.241,15,45.91.227.253,10,Hernando,edu.si.Solarbreeze
210.23.204.228,4,180.188.34.69,17,Giorgio,edu.nyu.Viva
102.138.61.88,23,4.79.132.158,21,Lenard,com.accuweather.Hatity
173.49.31.118,13,173.147.93.105,1,Leonidas,edu.cornell.Lotlux
4.140.214.182,9,93.239.197.70,10,Bertram,com.rediff.Rank
224.197.115.89,32,84.37.62.200,6,Wang,jp.ne.hatena.Wrapsafe
139.44.105.97,3,6.102.113.148,16,Giorgi,com.stumbleupon.Cardguard
31.141.14.40,13,61.95.20.88,19,Chester,com.usnews.Flexidy
222.9.255.26,10,196.149.88.225,19,Antonius,fr.pagesperso-orange.Konklab
138.33.77.161,17,131.161.182.74,19,Koenraad,com.mapquest.Fix San
182.202.66.22,1,241.159.87.147,2,Lazare,me.flavors.Daltfresh
140.188.140.93,36,62.102.137.156,6,Codie,org.altervista.Alpha
87.115.240.162,29,21.56.243.112,20,Gerick,com.tinyurl.Fix San
111.107.206.196,43,216.226.250.9,11,Neddie,com.digg.Bitwolf
188.181.216.122,16,242.102.32.104,5,Renault,ru.narod.Regrant
131.208.89.48,17,65.250.39.119,14,Donaugh,uk.co.dailymail.Voltsillam
171.93.155.144,35,211.150.69.130,2,Marcello,com.ft.Alpha
53.66.53.163,29,213.137.233.38,6,Roosevelt,ru.google.Opela
94.150.40.51,10,187.172.17.78,15,Sayer,com.biblegateway.Alphazap
69.230.198.149,40,187.159.184.65,2,Wilt,uk.ac.cam.Namfix
81.207.0.137,13,54.32.71.17,6,Jarib,com.nature.Andalax
112.54.188.199,47,95.20.27.143,5,Giraud,fr.free.Otcom
168.232.45.6,4,64.112.60.40,15,Sandor,org.opensource.Andalax
247.37.51.162,33,13.243.24.96,14,Alwin,gov.census.Zontrax
217.75.90.212,43,243.58.89.48,17,Jacky,me.about.Rank
135.37.244.144,31,229.251.58.96,24,Ker,ru.narod.Aerified
178.89.91.190,10,182.255.146.197,12,Puff,net.earthlink.Cardguard
113.34.95.31,7,155.138.70.3,19,Guilbert,com.tinyurl.Voyatouch
227.95.248.48,4,11.101.23.85,4,Dolf,com.bluehost.Konklab
131.175.153.133,24,248.212.103.59,8,Simeon,gov.usa.Zontrax
45.134.146.2,46,252.60.27.218,13,Haley,uk.co.123-reg.Treeflex
163.44.209.200,4,189.136.62.144,16,Munmro,com.cisco.Sonsing
146.25.108.3,25,99.230.208.198,15,Willey,uk.ac.ox.Tres-Zap
11.224.34.228,32,21.155.220.171,4,Sullivan,com.amazonaws.Duobam
252.196.164.127,22,191.9.176.140,15,Zack,com.mlb.Sub-Ex
58.124.223.110,21,85.59.150.243,19,Ray,uk.co.google.Zathin
138.13.222.163,32,249.158.105.172,19,Nicolis,org.w3.Cardify
173.255.209.112,42,231.209.6.183,24,Derk,com.indiatimes.Vagram
46.0.43.13,7,246.4.232.19,14,Wallie,jp.ne.dion.Bytecard
44.213.80.18,30,90.116.13.89,21,Blaine,com.blogs.Fix San
0.10.135.69,24,126.176.58.132,24,Ichabod,com.mysql.Gembucket
196.132.212.193,16,175.43.110.13,22,Moss,ch.admin.Konklux
14.195.122.235,17,22.175.182.161,3,Dick,com.squarespace.Span
215.186.246.234,36,128.157.68.70,11,Sherwood,gov.cdc.Holdlamis
22.215.138.194,23,101.78.132.142,15,Emery,com.macromedia.Stronghold
84.202.172.168,45,148.56.158.198,18,Hort,com.xrea.Holdlamis
130.103.210.2,34,238.83.165.235,10,Raynard,com.over-blog.Pannier
166.15.94.75,24,171.106.65.234,11,Normie,com.meetup.Kanlam
0.88.95.177,2,235.167.69.68,1,Jozef,org.w3.Greenlam
101.252.56.128,4,44.158.162.57,12,Currey,co.t.Ronstring
87.69.9.114,33,41.143.12.103,10,Matthaeus,com.ifeng.Fix San
212.98.17.160,28,4.226.19.19,4,Caspar,edu.virginia.Fix San
9.255.89.200,11,159.114.63.57,7,Pincus,com.trellian.Holdlamis
215.178.95.141,22,195.86.188.232,18,Rriocard,com.parallels.Quo Lux
153.18.175.219,31,2.243.12.43,14,Trumaine,uk.ac.ox.Fintone
27.78.112.61,8,212.27.235.107,2,Way,edu.cmu.Zaam-Dox
33.220.99.189,42,184.159.95.128,1,Sloan,tv.ustream.Regrant
191.68.175.233,25,3.211.86.253,18,Averil,com.hubpages.Bytecard
174.111.231.238,1,163.29.115.67,4,Sheffie,br.com.google.Tempsoft
249.87.153.27,7,44.91.58.124,24,Poul,com.wufoo.Zontrax
22.104.104.162,27,75.153.16.116,18,Simeon,edu.umn.Toughjoyfax
84.166.38.188,24,42.140.201.180,14,Ferdinand,gov.loc.Zontrax
143.136.47.10,15,207.250.146.143,16,Ramsay,com.ning.Subin
229.163.93.212,13,91.138.9.4,2,Guthrey,com.1688.Otcom
102.28.150.67,20,224.22.196.62,19,Lynn,com.theatlantic.Subin
80.252.50.171,21,138.172.69.199,23,Cedric,edu.columbia.Holdlamis
241.79.56.8,36,198.207.191.155,11,Geordie,com.cloudflare.Subin
185.56.246.157,36,191.9.1.200,20,Hank,co.g.Tin
118.124.243.214,43,53.65.160.143,1,Burton,org.w3.Bitchip
226.42.246.18,38,29.97.3.180,24,Gideon,com.ebay.Cardguard
83.8.202.43,6,76.73.187.178,12,Guillermo,us.tx.state.Konklux
156.163.164.121,40,215.215.113.25,8,Scotty,com.nydailynews.Fintone
188.255.138.164,31,164.214.36.11,9,Izak,ru.vkontakte.Rank
196.146.167.20,14,127.165.66.32,15,Shurwood,com.fotki.Zontrax
181.22.248.48,35,72.217.42.70,4,Arley,com.yolasite.Y-find
210.202.205.235,23,222.2.146.177,13,Gav,com.ucoz.Hatity
180.76.133.243,28,146.57.206.114,5,Jermaine,com.photobucket.Gembucket
243.202.195.68,6,206.142.230.225,2,Paddie,pl.google.Zontrax
1.172.203.200,12,250.252.253.155,4,Sherman,com.discovery.Rank
243.195.103.71,8,141.135.149.167,24,Roberto,it.paginegialle.Aerified
202.172.71.96,22,241.132.92.20,3,Chadwick,com.wsj.Latlux
98.191.245.53,41,245.6.231.25,21,Sigismond,com.amazon.Job
62.45.16.247,12,104.116.143.81,2,Thorstein,com.cargocollective.Toughjoyfax
69.183.227.202,40,91.182.186.217,4,Brendin,gov.state.Kanlam
77.19.63.114,8,254.244.30.114,23,Gav,com.hc360.Sub-Ex
140.56.22.23,10,214.70.192.58,5,Murry,us.tx.state.Opela
212.128.224.147,11,64.29.252.50,23,Eddie,edu.nyu.Bamity
219.84.44.28,44,46.126.19.188,11,Hogan,eu.europa.Mat Lam Tam
198.23.119.201,47,226.234.236.246,18,Krispin,com.stumbleupon.Matsoft
209.172.58.231,41,73.240.254.103,11,Chancey,edu.nyu.Duobam
184.141.113.207,26,61.183.171.228,12,Keenan,com.webmd.Zaam-Dox
24.111.151.53,43,151.42.167.21,5,Hunter,com.dagondesign.Viva
76.64.19.204,41,173.211.114.32,13,Salem,gov.dot.Y-find
228.171.173.46,35,113.139.103.135,10,Jeffry,com.pinterest.Cookley
91.143.60.102,7,124.61.54.91,11,Berty,edu.mit.Hatity
242.83.130.170,14,122.83.178.247,17,Stinky,edu.illinois.Tres-Zap
156.243.205.60,21,221.17.117.8,13,Hartley,org.prlog.Bitchip
109.102.15.40,5,120.213.240.164,18,Hendrick,br.com.google.Cookley
24.33.72.176,25,188.183.23.127,1,Aldo,com.barnesandnoble.Voyatouch
91.169.185.116,5,95.46.241.23,18,Nicky,com.dagondesign.Fintone
62.60.179.101,26,49.44.89.84,17,Felix,org.dmoz.Toughjoyfax
119.159.96.40,22,94.85.252.234,24,Lewes,pl.home.Aerified
240.18.133.86,46,244.195.139.178,5,Elijah,com.blog.Aerified
85.51.80.84,15,247.188.51.227,2,Tannie,jp.jugem.Y-find
30.230.217.240,46,2.171.121.83,9,Hector,org.craigslist.Trippledex
10.42.177.101,16,153.39.184.59,12,Aldwin,org.dyndns.Overhold
51.112.133.135,24,145.199.224.127,11,Derk,org.wikipedia.Cardify
172.21.175.90,1,225.61.244.52,4,Sarge,com.weather.Zaam-Dox
156.125.132.43,44,38.28.5.26,4,Siward,uk.co.webeden.Y-find
225.194.234.109,13,238.127.90.248,18,Nigel,com.seattletimes.Voltsillam
228.204.47.5,27,80.242.102.88,19,Boony,com.cargocollective.Aerified
33.82.242.9,4,4.176.137.75,18,Freeland,com.blogspot.It
29.77.160.4,24,70.156.15.51,19,Mord,com.kickstarter.Overhold
245.76.216.117,11,65.133.23.52,16,Doy,com.topsy.Fintone
7.17.159.86,38,121.65.206.252,23,Tristam,com.cdbaby.Sub-Ex
225.152.4.46,46,1.148.25.87,22,Farr,com.weather.Bamity
242.137.195.210,38,136.27.26.138,19,Sheffie,com.prnewswire.Fixflex
153.92.17.199,36,249.187.98.105,15,Yancey,info.aboutads.Cardguard
107.65.32.51,2,102.178.2.45,7,Olenolin,com.techcrunch.It
58.127.232.86,1,7.71.25.249,11,Forrest,com.hostgator.Treeflex
167.190.159.127,30,238.21.59.131,23,Hamilton,edu.umn.Vagram
80.174.185.92,28,120.167.60.194,17,Adolphe,com.prnewswire.Treeflex
36.71.50.18,30,69.125.198.81,20,Erl,cn.gov.miibeian.Namfix
82.136.222.150,28,152.231.35.129,1,Mart,edu.ucsd.Voyatouch
115.54.58.183,18,74.212.107.46,9,Gib,cn.360.Latlux
100.167.65.170,18,147.113.197.16,23,Eberto,edu.cmu.Latlux
54.104.26.173,5,146.254.35.109,5,Lemmy,com.walmart.Zamit
7.60.93.232,1,41.40.239.236,17,Ellwood,com.squarespace.Aerified
219.141.135.179,16,13.198.91.191,10,Kenn,de.e-recht24.It
53.209.232.162,45,85.11.102.101,17,Arvie,com.example.Flexidy
128.57.87.252,3,73.181.7.234,5,Horst,com.huffingtonpost.Duobam
208.70.241.56,17,90.207.83.38,24,Andras,com.blogtalkradio.Voyatouch
129.150.160.173,25,223.189.85.177,17,Daryle,com.dropbox.Kanlam
205.187.216.213,12,6.132.20.211,24,Hermy,com.naver.Otcom
253.47.16.84,34,96.177.15.130,12,Howard,gov.hud.Toughjoyfax
225.125.104.177,28,78.215.173.126,5,Englebert,com.techcrunch.Biodex
133.19.200.123,7,208.78.238.114,18,Correy,com.meetup.Keylex
191.27.243.88,8,5.72.125.79,9,Germayne,com.1688.Duobam
201.17.68.245,8,249.17.76.235,6,Noach,net.sourceforge.Bitwolf
192.32.121.111,16,186.113.234.232,20,Gamaliel,com.networksolutions.Tampflex
136.27.122.178,22,81.124.24.208,23,Germaine,cn.gov.miibeian.Tampflex
6.148.46.133,47,113.70.11.204,15,Gottfried,com.1688.Wrapsafe
205.34.96.162,3,134.181.71.19,5,Cammy,com.oakley.Fix San
239.211.92.249,17,82.219.227.23,13,Ashley,gov.state.Zoolab
163.154.31.21,36,216.76.38.140,5,Ezri,com.nydailynews.Overhold
21.56.34.63,35,25.40.223.151,21,Micheal,com.sciencedirect.Voyatouch
183.21.112.87,43,122.143.136.42,10,Byrann,de.1und1.Stim
155.58.194.142,43,115.22.170.97,5,Geoffry,com.bizjournals.Keylex
245.159.174.36,16,109.127.164.182,15,Redford,com.adobe.Redhold
152.216.139.16,2,224.155.34.82,10,Codie,com.surveymonkey.Redhold
16.39.125.217,17,136.119.148.107,6,Petey,br.com.uol.Vagram
32.35.179.219,23,40.1.121.81,12,Demetre,com.dell.Rank
71.156.127.17,37,228.64.245.4,9,Donal,edu.yale.Treeflex
59.113.103.192,12,127.249.244.222,1,Randie,net.discuz.Daltfresh
100.162.220.113,28,35.155.57.222,8,Baxy,net.a8.Treeflex
16.248.85.231,30,210.105.200.172,12,Tynan,gov.va.Prodder
117.116.232.188,2,45.177.66.162,6,Esdras,uk.ac.ox.Biodex
243.234.113.178,24,27.79.245.5,11,Erl,ru.narod.Matsoft
18.238.189.97,25,237.15.33.162,20,Pail,com.cafepress.Cookley
192.140.137.246,2,192.66.201.78,9,Ephrem,com.ucoz.It
21.166.219.136,24,16.92.248.107,18,Rupert,us.tx.state.Stringtough
168.90.15.192,9,216.127.140.204,21,Nickolaus,com.homestead.Temp
233.98.32.224,11,37.186.173.186,19,Caleb,com.moonfruit.Bitchip
191.58.166.255,27,107.41.106.201,8,Albie,com.mac.Flexidy
236.51.65.68,20,190.142.42.245,17,Dennison,com.theglobeandmail.Sub-Ex
226.96.194.71,1,42.218.86.33,23,Inness,net.earthlink.Fix San
91.152.227.105,16,25.42.148.99,14,Hermann,org.joomla.Tampflex
146.247.251.191,2,35.200.30.176,22,Morie,com.hugedomains.Matsoft
242.141.152.130,7,47.133.151.169,3,Ximenez,com.nytimes.Trippledex
32.86.176.73,6,54.208.28.207,3,Nathaniel,com.facebook.Ventosanzap
106.221.244.195,4,176.243.111.216,5,Aldus,com.imgur.Treeflex
21.58.28.74,24,209.28.38.19,11,Uriel,com.omniture.Greenlam
58.216.25.113,42,78.84.204.131,5,Curry,com.diigo.Ronstring
226.39.33.73,24,252.15.98.93,9,Mic,com.nbcnews.Toughjoyfax
84.11.84.10,41,136.25.111.200,3,Gustavo,com.businessinsider.Subin
1.4.93.253,22,195.60.98.26,16,Pauly,com.mysql.Bytecard
53.253.95.5,7,152.150.143.23,23,Fabio,com.omniture.Holdlamis
178.169.121.225,45,114.32.192.47,19,Patton,com.omniture.Ventosanzap
93.194.48.37,41,229.198.115.35,11,Lindon,gov.nps.Sonair
124.65.13.200,22,45.221.226.249,11,Don,com.ezinearticles.Latlux
22.215.120.195,35,101.184.158.5,18,Mervin,edu.washington.Alphazap
60.66.177.221,18,129.241.25.238,14,Isidro,gl.goo.Home Ing
75.208.2.28,40,114.29.169.208,3,Beltran,com.list-manage.Cardguard
120.124.102.9,26,145.249.93.190,5,Stavros,ca.cbc.Job
184.132.173.207,6,134.254.177.80,14,Huberto,com.howstuffworks.Home Ing
148.160.222.146,39,40.157.38.44,2,Aguste,com.shareasale.Zoolab
77.165.223.6,29,122.132.143.23,6,Domingo,com.washingtonpost.Hatity
106.32.196.224,20,41.3.171.215,24,Jarrod,com.typepad.Duobam
83.202.126.28,34,196.242.197.67,24,Armin,cn.desdev.Zoolab
22.40.149.54,7,244.116.134.160,5,Averill,org.opensource.Lotstring
69.153.170.225,44,41.187.16.160,6,Ferrell,com.stumbleupon.Veribet
227.245.225.112,48,131.113.145.173,11,Hadleigh,com.technorati.Asoka
182.8.80.179,17,192.68.18.189,15,Simon,edu.harvard.Viva
5.101.52.134,31,46.189.73.15,16,Alvie,com.salon.Domainer
130.99.130.161,7,143.184.84.54,15,Jabez,gov.usa.Asoka
115.176.248.191,16,217.193.58.169,19,Oates,com.issuu.Aerified
172.244.240.203,40,104.233.191.136,15,Dalt,com.webnode.Stim
50.167.0.188,23,71.235.82.93,16,Nico,jp.co.yahoo.Ventosanzap
155.34.77.84,46,254.113.112.171,20,Even,com.purevolume.Konklux
193.120.39.83,14,19.104.27.185,1,Abbey,org.wordpress.Toughjoyfax
223.70.196.79,23,220.35.140.23,1,Keefe,com.comsenz.Tampflex
109.44.253.251,45,11.204.230.217,20,Ernst,com.ibm.Vagram
160.5.76.213,46,35.74.252.83,16,Holt,com.ifeng.Lotstring
115.171.60.220,34,105.182.52.204,2,Nollie,com.quantcast.Mat Lam Tam
121.120.130.127,5,209.82.215.242,18,Morgun,org.craigslist.Sub-Ex
190.30.61.54,42,180.197.232.30,13,Gerome,com.acquirethisname.Sonair
131.33.108.250,18,80.221.77.63,14,Durward,com.friendfeed.Prodder
115.176.187.182,23,1.219.191.193,21,Jayme,org.mozilla.Matsoft
91.112.201.229,39,58.60.238.239,9,Hill,be.youtu.Viva
242.210.162.145,20,114.70.133.164,16,Antonio,com.samsung.Bitwolf
239.116.66.198,14,89.74.43.225,2,Pierce,com.theguardian.Zamit
199.57.157.85,37,100.202.127.4,16,Rolph,cn.com.people.Stim
247.173.224.158,46,18.102.39.158,16,Conn,com.tripod.Stim
57.196.255.5,47,175.148.40.47,10,Allin,org.craigslist.Zaam-Dox
112.249.239.15,39,44.134.45.205,16,Stearne,org.simplemachines.Greenlam
146.245.211.144,1,149.162.238.242,7,Judas,edu.unc.Bamity
145.181.213.138,42,182.101.22.195,17,Ward,com.hugedomains.Alphazap
76.128.144.7,6,58.168.2.157,1,Park,com.wp.Bamity
99.22.160.60,8,49.43.53.4,13,Torey,gov.cdc.Vagram
89.133.65.1,13,2.171.176.166,5,Daron,de.t-online.Solarbreeze
46.182.113.216,45,181.231.12.93,13,Agosto,ru.ucoz.Voyatouch
41.62.227.41,27,60.255.249.18,12,Theobald,gov.fda.Y-find
96.168.53.35,19,243.83.226.220,2,Ambrose,com.shutterfly.Bamity
112.24.110.87,38,11.118.212.195,5,Barnett,com.blogspot.Subin
130.61.119.105,8,66.182.66.85,18,Baxie,com.1688.Sub-Ex
67.212.200.194,20,41.240.190.55,5,Zebulon,org.unicef.Domainer
35.162.230.128,20,247.147.226.242,5,Traver,com.slate.It
14.205.147.250,29,170.228.64.189,4,Gareth,com.hao123.Latlux
36.230.113.166,45,251.251.43.210,22,Jeromy,com.buzzfeed.Andalax
221.72.0.134,28,168.210.10.198,22,Albert,de.google.Sub-Ex
209.68.223.248,4,47.156.112.251,16,Yardley,com.phpbb.Matsoft
142.223.79.138,8,73.94.19.154,7,Joseito,gov.nasa.Latlux
115.219.244.144,20,5.191.148.211,12,Raymund,com.taobao.Transcof
167.120.15.53,21,7.135.67.54,4,Mayne,com.marriott.Fintone
72.195.146.99,40,219.98.235.143,8,Jodi,org.creativecommons.Kanlam
53.174.17.71,9,63.24.114.35,19,Richard,com.adobe.Lotstring
251.141.16.139,25,177.9.95.81,20,Jory,com.indiatimes.Domainer
201.68.57.34,36,170.184.166.5,11,Bald,com.blog.Overhold
212.114.212.15,36,204.96.82.182,17,Giusto,com.pinterest.Y-Solowarm
129.47.170.21,25,104.9.10.219,1,Casper,com.reference.Voltsillam
156.131.113.74,27,220.213.221.192,16,Lowrance,gov.usda.Greenlam
133.248.147.59,38,46.86.60.9,23,Munroe,com.blog.Overhold
173.195.147.115,7,86.56.255.143,16,Abie,com.booking.Konklux
100.21.134.220,42,178.179.215.68,20,Nestor,com.bloomberg.Zamit
151.113.12.130,9,212.46.99.148,14,Ennis,com.blogtalkradio.Gembucket
1.226.222.133,9,96.36.136.129,11,Ira,jp.exblog.Aerified
54.162.69.213,42,204.12.252.168,8,Elisha,com.gizmodo.Stringtough
157.208.173.139,25,27.180.147.227,13,Richard,com.squarespace.Holdlamis
166.105.26.240,15,94.246.181.198,17,Lester,de.1und1.Tres-Zap
115.161.203.58,8,91.239.21.148,4,Bruis,com.prweb.Trippledex
244.76.160.139,42,18.189.14.38,20,Angeli,com.scribd.Stronghold
238.43.95.192,27,236.158.80.235,22,Rhett,org.drupal.Tin
132.95.198.137,47,146.35.144.1,13,Kerr,com.cnbc.Zamit
47.169.154.6,28,12.8.208.113,14,Erhard,it.tuttocitta.Subin
0.84.154.180,40,177.154.45.208,16,Sterne,gov.hhs.Bytecard
28.227.108.247,45,125.168.10.26,22,Hermie,jp.i2i.Tresom
56.209.223.35,41,23.201.237.204,20,Stillman,com.ezinearticles.Kanlam
245.168.40.73,5,22.202.7.229,19,Sigismund,com.163.Viva
111.54.236.125,7,143.35.107.206,1,Dalton,com.quantcast.Alphazap
26.56.225.140,23,243.24.108.128,16,Nolly,com.boston.Namfix
185.248.98.138,43,64.27.182.132,10,Myrwyn,com.wp.Tres-Zap
102.114.218.67,41,74.44.110.39,13,Red,com.cnet.Veribet
35.213.6.201,2,91.22.202.66,15,Terencio,jp.ne.so-net.Domainer
181.102.128.221,10,147.215.241.106,16,Zeb,com.dedecms.Sonsing
99.6.73.153,12,225.111.67.106,22,Mateo,be.youtu.Tampflex
101.127.119.168,32,219.131.21.238,22,Kit,com.blogtalkradio.Cardify
113.239.114.136,28,40.254.219.134,24,Clayborn,com.yolasite.Zathin
138.245.10.151,23,7.61.5.244,6,Demott,com.spotify.Stim
92.209.255.245,44,104.119.3.3,10,Geoff,edu.arizona.Regrant
47.235.129.233,26,180.198.21.68,7,Alyosha,com.lulu.Daltfresh
245.19.7.40,5,44.39.3.236,13,Jeremie,org.mozilla.Y-find
151.189.50.211,22,40.212.107.120,16,Waldon,au.com.smh.Flowdesk
54.224.201.11,36,188.235.89.232,6,Andres,com.elpais.Opela
223.194.87.84,11,79.91.245.27,18,Bill,com.booking.Stim
255.11.13.229,48,238.91.213.117,11,Reginald,org.pbs.Otcom
115.236.99.161,7,14.62.169.39,1,Washington,net.cpanel.Trippledex
111.107.98.161,9,6.98.190.34,22,Zerk,cn.360.Flexidy
91.179.213.4,20,172.92.66.14,21,Maxie,org.dyndns.Y-find
243.35.35.22,10,91.43.50.89,5,Paolo,edu.cornell.Redhold
9.152.238.186,12,148.46.50.105,22,Gardy,com.delicious.Span
29.91.64.164,43,135.229.39.247,10,Benito,com.statcounter.Y-find
99.11.94.132,41,34.140.54.0,2,Mac,ly.ow.Solarbreeze
222.215.79.233,42,217.42.170.45,9,Griff,uk.co.timesonline.Rank
185.195.230.2,27,161.216.239.184,19,Hunt,com.slate.Vagram
114.144.109.126,8,83.229.132.24,20,Benoit,jp.or.plala.Cookley
182.75.108.208,39,156.236.249.144,6,Henderson,jp.ne.goo.Solarbreeze
81.165.126.155,41,204.157.107.40,19,Lynn,com.deliciousdays.Subin
140.188.124.144,12,67.17.18.246,9,Piggy,org.un.Flexidy
66.50.132.210,41,84.55.68.213,23,Torey,net.seesaa.Matsoft
186.161.235.108,13,123.144.232.51,6,Erwin,hk.com.google.Zaam-Dox
184.87.139.191,9,154.124.216.175,7,Witty,cc.tiny.Konklux
69.128.5.139,13,41.225.74.235,7,Barr,edu.uiuc.Domainer
164.210.192.48,44,3.91.118.3,3,Gordon,com.etsy.Zathin
66.227.250.232,16,161.165.169.168,5,Umberto,edu.wisc.Home Ing
237.42.97.38,9,169.134.30.91,23,Humfrey,com.storify.Bamity
245.16.79.45,45,11.200.62.113,16,Vasili,com.acquirethisname.Asoka
143.147.159.158,38,87.140.124.129,2,Sibyl,com.ucoz.Zamit
65.178.143.153,47,47.65.211.87,23,Kile,au.net.abc.Hatity
163.192.140.206,9,132.120.203.157,14,Lewes,com.cnbc.Konklab
57.165.31.232,21,150.5.207.135,24,Ximenez,com.acquirethisname.Zaam-Dox
33.82.27.48,32,236.78.25.135,14,Kim,com.hexun.Konklab
168.178.173.18,38,6.230.239.99,15,Kilian,org.pbs.Trippledex
251.197.32.176,6,158.251.242.18,17,Hussein,com.springer.Flowdesk
87.42.184.200,44,60.201.74.210,6,Demetrius,com.foxnews.Trippledex
7.55.224.97,2,216.37.111.221,6,Yancey,com.ycombinator.Toughjoyfax
103.167.231.10,1,240.69.73.221,3,Tommy,com.purevolume.Sub-Ex
176.189.136.152,17,220.104.228.32,15,Nathanil,com.hexun.It
67.243.62.57,36,235.61.200.34,9,Carlie,org.npr.Bamity
102.127.245.218,42,150.107.131.237,17,Arri,com.studiopress.Job
143.2.41.3,10,48.60.211.77,6,Sauncho,edu.ucla.Sonair
48.114.166.204,17,23.122.205.166,19,Friedrick,com.scribd.Konklux
181.93.222.209,21,84.32.248.122,19,Broderic,com.feedburner.Wrapsafe
140.114.230.51,42,96.232.11.52,16,Nolan,us.imageshack.Rank
119.108.182.84,7,187.4.202.143,23,Wheeler,com.shareasale.Ronstring
231.148.250.118,39,180.232.241.40,10,Alan,com.discovery.Tin
101.28.165.78,17,113.236.246.230,8,Ives,com.arstechnica.Keylex
145.167.66.202,43,47.172.122.174,3,Devland,com.phpbb.Alphazap
47.9.19.250,12,26.84.52.43,17,Rutger,com.bizjournals.Sub-Ex
37.53.118.16,12,20.30.132.187,20,Cleveland,com.aol.Tresom
4.98.119.241,30,27.5.129.105,7,Elsworth,br.com.google.It
251.72.153.160,45,196.142.195.236,13,Webster,com.cnbc.It
24.81.22.21,2,106.165.77.78,17,Claiborn,de.google.Ventosanzap
157.246.65.129,26,61.63.186.237,24,Richard,com.photobucket.Namfix
241.145.151.57,5,79.34.77.136,6,Jimmy,com.bing.Voltsillam
46.249.170.143,14,169.61.140.116,17,Udale,net.jalbum.Daltfresh
22.37.128.11,17,110.46.39.12,8,Lawton,jp.shop-pro.Wrapsafe
17.115.107.226,29,246.152.151.186,23,Geri,com.ibm.Ronstring
43.189.163.122,16,139.138.193.131,12,Hendrick,com.sbwire.Cookley
136.54.29.203,8,59.176.231.30,12,Clayson,com.geocities.Toughjoyfax
43.157.229.2,45,60.87.107.11,11,Roosevelt,com.ezinearticles.Greenlam
202.110.250.102,24,11.155.238.194,15,Justinian,com.usnews.Asoka
101.129.213.220,44,129.171.226.118,4,Elroy,com.bigcartel.Y-find
40.156.80.38,29,97.209.236.148,22,Miller,com.biblegateway.Y-find
135.241.157.178,15,108.175.99.10,11,Dennison,org.redcross.Zamit
142.10.215.221,15,208.51.172.225,13,Enoch,uk.co.bbc.Otcom
211.55.214.22,10,155.173.164.241,22,Alaster,com.youtube.Home Ing
5.228.192.116,44,110.242.182.210,15,Hiram,com.webs.Cardguard
80.215.187.53,35,70.15.15.99,16,Gareth,ru.yandex.Zontrax
218.34.45.32,24,39.153.21.151,19,Byron,com.cyberchimps.Veribet
200.87.21.233,15,185.7.204.79,9,Obadiah,com.bluehost.Tampflex
139.225.54.150,11,214.128.247.208,11,Bertie,jp.co.yahoo.Zontrax
37.60.113.148,4,170.87.35.244,12,Tuck,gov.cdc.Konklab
216.225.247.88,16,239.67.228.169,14,Horace,jp.geocities.Andalax
130.208.216.224,35,89.218.102.248,23,Gerek,com.dagondesign.Flowdesk
136.184.61.58,16,7.10.131.130,1,Seward,de.google.Ronstring
181.72.183.247,31,28.93.124.155,3,Bearnard,jp.or.plala.Ronstring
197.184.244.121,12,135.6.214.139,1,Udell,com.arstechnica.Voyatouch
16.141.197.81,40,42.94.250.68,2,Huntington,org.simplemachines.Redhold
194.91.160.124,41,127.199.90.109,8,Travis,jp.geocities.Fix San
199.125.10.225,18,247.94.121.186,4,Kaspar,gov.ftc.Latlux
111.236.4.67,22,114.99.127.26,12,Ive,com.typepad.Tempsoft
91.246.56.29,46,93.239.143.188,18,Daron,com.yellowpages.It
25.53.37.29,44,201.254.145.205,16,Worthington,com.discovery.Opela
182.240.40.157,45,89.77.203.159,2,Dwain,com.techcrunch.Lotlux
47.103.136.30,3,100.65.65.162,9,Osborn,com.netvibes.Trippledex
165.128.91.128,36,52.82.105.49,12,Son,com.bing.Zamit
160.22.68.118,45,103.189.50.109,19,Gerrard,au.com.smh.Zontrax
61.166.208.158,18,150.171.232.154,7,Conrado,com.spotify.Zathin
30.142.202.233,42,195.84.192.158,16,Hercules,vu.de.Veribet
149.115.157.236,34,228.116.41.82,18,Bart,jp.ne.ocn.Cookley
224.11.190.121,37,0.229.102.73,7,Corny,jp.ameblo.Zontrax
37.130.26.66,37,40.60.6.14,16,Arlen,com.sfgate.Cookley
188.200.133.21,31,19.255.104.116,3,Renault,com.arstechnica.Fintone
226.167.37.26,35,117.128.133.147,9,Lee,io.github.Zoolab
104.102.137.234,38,43.225.247.165,13,Isaac,com.alibaba.Zamit
132.180.66.112,33,134.79.39.99,8,Coop,com.ted.Latlux
159.42.79.122,25,56.78.240.251,13,Vanya,com.tumblr.Subin
53.177.29.117,25,8.22.0.51,21,Hurleigh,co.t.Toughjoyfax
21.62.44.97,17,192.13.117.4,7,Bob,com.cisco.Sonsing
241.47.176.168,12,104.31.49.56,15,Wyn,com.time.Zathin
56.10.54.202,26,12.17.59.18,10,Duffy,com.nationalgeographic.Bytecard
216.223.216.254,17,4.21.56.169,12,Austen,ru.vkontakte.Cardify
243.255.235.120,35,187.211.46.237,6,Umberto,com.live.Asoka
158.6.66.214,47,6.211.15.67,3,Murray,com.weebly.Stronghold
81.177.15.132,19,187.60.228.183,19,Ariel,com.wix.Rank
148.224.133.91,45,216.141.217.170,15,Abbot,eu.europa.Zaam-Dox
147.8.129.143,24,37.5.144.159,14,Oates,com.hugedomains.Voltsillam
210.35.228.24,4,16.109.136.141,4,D'arcy,com.scribd.Temp
201.16.228.74,20,0.132.84.104,20,Augustin,org.redcross.Sonsing
141.114.23.191,2,47.19.34.10,6,Mannie,com.businesswire.Konklux
188.61.76.114,34,217.33.44.75,7,Saunderson,net.ovh.Bitchip
239.211.224.147,14,54.20.164.122,1,Ricardo,com.discovery.Kanlam
55.251.15.169,2,119.144.18.206,12,Ferrell,com.hugedomains.Domainer
24.0.24.17,1,117.176.183.188,17,Puff,au.gov.nsw.Daltfresh
198.79.255.221,3,155.255.139.171,12,Dillon,com.cdbaby.Y-find
37.50.82.34,45,231.180.93.254,11,Lew,ru.odnoklassniki.Cardguard
148.154.162.13,48,158.21.85.203,19,Cort,org.wikipedia.Vagram
163.178.180.27,8,114.17.250.105,6,Weber,com.quantcast.Aerified
25.131.0.74,16,168.61.148.47,6,Maynord,com.over-blog.Konklux
27.71.96.215,26,118.49.37.54,4,Frannie,com.canalblog.Duobam
215.218.216.65,27,3.250.116.61,10,Dougy,com.disqus.Subin
17.65.14.168,28,174.135.105.197,13,Sollie,com.yolasite.Greenlam
79.127.190.63,19,6.185.253.163,19,Kayne,com.ihg.Aerified
188.101.123.152,15,73.177.31.14,10,Rinaldo,es.google.Voyatouch
130.102.221.190,13,211.18.215.77,9,Weylin,edu.upenn.Ronstring
170.246.169.144,33,154.127.155.209,13,Aharon,com.hubpages.Trippledex
20.132.212.251,28,230.77.146.20,8,Timmie,cz.mapy.Trippledex
38.52.249.176,4,130.228.71.195,21,Giselbert,com.zimbio.Alpha
195.60.184.183,3,217.76.38.85,7,Gannie,jp.co.infoseek.Bigtax
184.170.8.176,23,23.240.134.121,9,Selby,com.blogs.Tempsoft
27.173.148.177,20,68.23.202.200,5,Bo,com.yellowpages.Duobam
206.255.147.74,42,93.198.109.234,20,Mathias,cn.com.sina.Andalax
213.235.177.94,3,136.152.210.216,1,Curran,com.bing.Bamity
176.5.98.203,12,52.220.118.110,18,Edgard,com.squarespace.Lotstring
216.116.238.91,36,164.239.172.222,11,Avery,jp.co.rakuten.Vagram
43.249.246.171,1,67.94.105.193,13,Ambros,com.tmall.Flowdesk
93.229.249.105,29,228.221.119.242,21,Bryce,com.cafepress.Latlux
101.253.198.6,20,223.135.31.209,18,Lek,com.cisco.Zathin
192.96.2.33,38,171.92.7.100,16,Paulie,org.wikimedia.Transcof
112.208.209.53,4,223.99.16.37,18,Harvey,com.youtube.Biodex
54.0.68.45,23,154.173.147.127,7,Ross,com.about.Holdlamis
185.32.180.187,26,132.26.92.186,19,Dennison,org.dmoz.Zathin
226.163.34.122,44,151.132.224.103,3,Cchaddie,com.usatoday.Greenlam
204.152.253.100,44,136.31.92.232,21,Danya,gov.loc.Opela
90.167.187.190,2,123.173.94.63,18,Alwin,uk.co.123-reg.Daltfresh
6.71.158.235,23,154.101.202.199,14,Duane,com.about.Stim
25.10.23.82,19,63.111.135.21,21,Tyler,com.rediff.Tresom
133.65.159.92,1,156.54.242.75,15,Jess,com.nymag.Voyatouch
2.1.204.250,1,199.193.187.120,19,Stu,com.example.Flowdesk
16.62.71.220,36,9.65.6.41,7,Cello,com.icq.Voyatouch
130.144.199.38,6,186.151.42.15,5,Antonio,org.craigslist.Stringtough
119.103.109.11,21,29.53.102.6,22,Avigdor,com.go.Kanlam
240.143.184.216,18,37.220.235.106,16,Shell,com.cnn.Sonsing
80.231.202.193,37,184.253.13.249,16,Holmes,com.indiatimes.Zathin
167.178.56.73,33,223.228.236.51,1,Justis,com.wikia.Stringtough
164.197.138.107,11,216.180.44.85,18,Gordy,uk.co.google.Fintone
230.233.157.78,17,244.214.125.60,16,Jude,com.reddit.Alphazap
0.77.73.78,48,159.226.227.201,20,Nathanael,cn.google.Fix San
18.205.113.109,42,211.239.129.111,14,Warden,com.blogs.Fixflex
26.214.113.151,27,125.148.79.120,17,Clywd,co.g.Zathin
150.255.192.149,48,91.59.195.98,2,Tobie,net.cpanel.Cookley
112.104.84.199,4,174.118.177.173,13,Shaun,me.about.Veribet
41.184.141.114,32,225.19.43.39,12,Lenard,com.accuweather.Duobam
0.183.208.224,2,128.5.250.173,1,Anders,com.ehow.Cardify
169.147.175.134,44,254.43.0.251,2,Mikael,gov.senate.Zoolab
255.62.119.237,42,181.142.73.247,3,Egbert,com.blogspot.Viva
87.185.123.248,8,87.239.222.61,20,Dun,com.godaddy.Flexidy
90.67.201.6,7,181.203.205.171,2,Rolph,com.skype.Aerified
43.79.219.175,17,193.38.206.204,10,Stanislaus,com.wikia.Overhold
203.185.225.77,41,227.187.150.174,8,Skye,com.elegantthemes.Solarbreeze
13.73.206.209,22,230.0.119.63,19,Olenolin,com.wikia.Tresom
14.129.134.100,34,86.2.218.224,1,Trevar,com.nationalgeographic.Tin
0.56.231.129,34,99.164.16.91,11,Emmerich,com.reuters.Sonair
168.104.212.86,34,182.158.120.61,13,Barnabas,jp.co.infoseek.Biodex
96.232.8.142,26,230.53.179.202,22,Konstantin,org.wordpress.Lotstring
99.92.66.244,32,135.126.255.110,7,Kermit,pl.home.Tampflex
64.228.31.112,6,252.54.250.123,6,Tyrone,com.acquirethisname.Zathin
196.120.197.179,13,98.226.176.142,23,Delmar,es.google.Andalax
58.79.223.157,4,244.129.101.134,20,Harlin,net.php.Tempsoft
39.115.163.5,1,103.229.191.142,17,Hieronymus,com.zdnet.Opela
75.113.185.57,43,198.149.72.142,20,Niccolo,com.phpbb.Konklab
228.165.75.125,42,196.12.0.213,17,Henri,gov.nih.Greenlam
74.78.233.159,26,140.198.217.46,4,Albrecht,com.mac.Pannier
121.240.63.164,28,149.3.79.109,15,Derek,com.comsenz.Greenlam
120.100.213.119,41,225.14.28.124,16,Gare,com.networksolutions.Flowdesk
215.200.177.227,29,148.154.185.255,6,Chickie,com.sun.Home Ing
92.76.11.118,48,164.19.121.196,19,Chic,br.com.google.Y-Solowarm
175.151.241.17,2,140.43.217.106,9,Tedman,com.pinterest.Stim
37.203.61.161,27,92.186.144.106,5,Stanley,com.boston.Cookley
28.37.246.112,30,30.119.204.90,15,Ingemar,com.devhub.Transcof
127.230.87.43,9,199.25.130.107,19,Lemmie,org.simplemachines.Matsoft
25.218.79.127,5,187.19.133.44,24,Heinrik,gov.nps.Fixflex
61.184.83.89,20,102.123.96.68,13,Francis,ru.narod.Regrant
212.221.191.62,11,181.109.195.140,2,Carce,com.squidoo.Y-Solowarm
115.117.112.19,22,228.166.129.117,9,Dunstan,com.tinypic.Fix San
66.150.110.183,26,171.55.43.208,9,Sol,com.nymag.Zamit
7.216.12.113,35,224.46.26.120,4,Christoper,info.aboutads.Voyatouch
2.148.207.128,43,44.153.221.30,13,Cirillo,com.barnesandnoble.Bytecard
233.142.116.206,28,146.129.174.134,2,Karoly,uk.ac.ox.Holdlamis
104.175.94.231,24,131.188.85.167,4,Nickie,be.youtu.Job
163.126.233.200,34,75.195.204.90,3,Shaw,com.github.Fixflex
47.135.153.144,42,148.244.255.9,3,Clyde,net.ovh.Quo Lux
84.195.151.12,46,20.59.27.81,1,Siward,gov.irs.Trippledex
127.70.9.248,13,243.218.27.245,5,Gualterio,com.discovery.Overhold
145.76.255.64,25,52.193.134.95,20,Filmer,fr.pagesperso-orange.Biodex
100.230.16.189,39,243.124.94.23,21,Mallory,com.prweb.It
194.94.87.231,2,73.20.60.63,10,Claiborn,com.aol.Zamit
17.100.162.106,31,249.201.152.232,14,Jacky,com.webmd.Voyatouch
102.106.31.79,19,96.31.195.125,20,Victoir,com.discovery.Biodex
185.79.90.93,48,111.80.208.219,20,Hermon,org.altervista.Tresom
195.29.155.43,8,50.2.4.47,14,Dwayne,edu.washington.Stringtough
255.255.174.60,26,109.148.83.137,1,Koenraad,au.com.google.Regrant
35.201.67.209,35,155.63.67.83,17,Willis,com.businessinsider.Viva
228.55.163.37,31,245.167.136.49,21,Adan,com.twitpic.Temp
196.27.223.9,44,185.8.201.66,11,Dur,ly.ow.Hatity
242.135.158.6,22,43.62.97.130,15,Fletcher,gov.cdc.Fixflex
46.165.76.118,31,129.74.48.88,3,Job,com.prnewswire.Konklux
252.201.250.75,18,211.242.11.204,22,Ricky,org.npr.Veribet
194.196.67.230,38,29.179.24.54,18,Erek,com.pinterest.Latlux
196.230.55.179,38,28.68.142.3,22,Vasily,com.msn.Sonair
73.42.178.110,14,127.116.72.106,13,Brady,com.mlb.Tin
97.28.125.250,8,78.0.127.233,4,Ernst,com.topsy.Greenlam
38.185.60.160,35,101.247.27.146,2,Silas,com.wp.Sonsing
23.210.131.154,25,172.105.198.59,18,Townsend,com.dailymotion.Flexidy
142.121.98.212,30,120.207.141.59,23,Rhett,com.4shared.Stringtough
66.219.186.140,13,216.199.174.49,14,Travus,it.paginegialle.It
24.172.26.14,18,151.20.47.254,18,Phillipp,com.prnewswire.Latlux
69.183.180.23,13,118.27.204.169,3,Ichabod,com.biblegateway.Bitwolf
141.146.228.17,19,141.190.31.238,1,Giorgio,com.facebook.Bitchip
181.148.195.115,1,59.134.137.189,4,Jesse,com.salon.Vagram
82.21.86.255,19,138.168.119.57,23,Trev,com.bandcamp.Solarbreeze
255.71.5.154,37,203.51.125.142,17,Ali,uk.co.google.Solarbreeze
63.214.50.243,19,9.221.34.140,23,Ricoriki,com.tripod.Duobam
147.72.89.204,46,23.132.204.82,8,Mickie,com.yellowpages.Fixflex
218.128.114.120,22,223.53.90.78,14,Wallis,ru.mail.Tresom
245.221.5.145,3,198.32.253.4,22,Grenville,edu.virginia.Tampflex
194.243.77.21,34,6.28.110.61,16,Kendrick,it.google.Cardguard
223.165.184.38,10,47.121.245.37,11,Hershel,fr.unblog.Prodder
28.4.100.135,18,242.27.142.125,22,Rudolf,gov.senate.Namfix
48.123.150.131,44,158.30.97.98,6,Silvan,com.homestead.It
72.196.20.174,25,206.52.58.228,14,Walden,gov.census.Tresom
59.237.135.75,3,22.202.109.76,10,Dagny,com.webnode.Bamity
174.27.9.171,30,168.63.122.207,10,Vassili,com.forbes.Vagram
90.32.231.149,17,99.77.160.218,19,Merwyn,cn.desdev.Bigtax
53.235.72.18,23,131.100.9.241,14,Matthew,com.reuters.Viva
104.21.103.187,8,171.238.126.62,8,Lutero,com.typepad.Stringtough
31.112.21.202,2,113.12.121.12,9,Joshua,edu.illinois.Mat Lam Tam
33.8.91.145,6,104.226.16.71,20,Galvan,br.com.uol.Y-find
245.230.214.89,48,193.107.94.156,5,Vasili,au.net.abc.Bigtax
214.193.115.3,3,151.96.154.157,7,Bryce,com.photobucket.Stim
197.36.196.227,42,84.38.22.181,4,Ripley,com.vistaprint.Solarbreeze
205.56.14.74,5,240.59.0.70,3,Reinhold,gov.epa.Stringtough
98.219.144.65,30,27.28.39.140,8,Harcourt,com.twitpic.Otcom
156.80.133.194,47,142.15.143.190,22,Hermy,org.networkadvertising.Asoka
231.174.8.32,8,66.5.52.238,18,Sandy,com.cbsnews.Tempsoft
154.51.92.243,23,132.215.86.109,11,Dukey,cn.gov.miibeian.Matsoft
208.4.58.157,5,255.229.122.57,17,Dylan,org.networkadvertising.Toughjoyfax
198.142.29.211,37,122.64.14.146,3,Thedric,com.xing.Flowdesk
182.8.246.32,17,181.43.191.195,18,Rodger,com.bizjournals.Bytecard
156.72.1.109,47,177.158.213.132,3,Hobart,com.ibm.Pannier
170.44.60.248,7,91.205.235.232,4,Dav,com.omniture.Prodder
9.184.224.182,1,19.119.170.52,20,Dolf,com.wordpress.Home Ing
196.74.172.7,30,121.192.114.37,2,Orson,com.slate.Latlux
165.48.75.68,16,200.54.214.92,5,Ricky,com.ezinearticles.Aerified
205.46.57.190,37,113.27.126.26,11,Prescott,ru.mail.Kanlam
18.154.20.89,26,187.3.147.252,4,Gardy,com.comsenz.Zoolab
252.10.247.202,4,30.229.81.253,20,Farris,com.paypal.Bamity
183.76.111.48,38,110.6.215.100,15,Aldis,com.java.Viva
33.162.166.1,3,196.158.139.223,13,Virge,com.ask.Tempsoft
31.5.140.200,12,36.184.113.119,1,Gaston,org.craigslist.Stringtough
14.145.121.182,25,175.186.159.49,17,Willard,ru.narod.Sonsing
114.230.130.142,28,221.201.138.150,6,Filmore,org.altervista.Solarbreeze
226.27.225.81,15,11.45.121.69,8,Artemus,com.businessinsider.Treeflex
26.246.217.56,18,46.118.176.86,13,Chane,org.prlog.Zathin
45.217.184.110,4,105.97.162.29,7,Anthony,com.blog.Quo Lux
203.54.238.38,30,15.57.60.93,4,Jonas,edu.harvard.Pannier
211.214.115.127,9,11.97.89.251,16,Nobie,org.dyndns.Fix San
220.51.195.153,46,15.139.86.130,7,Trey,com.cnbc.Subin
220.50.237.152,41,85.83.138.50,21,Ricky,io.pen.Treeflex
137.77.171.192,38,100.33.77.142,19,Hugo,jp.ameblo.Alpha
240.139.31.204,30,135.11.93.224,10,Travus,fr.unblog.Viva
53.107.27.103,23,108.52.124.27,1,Othello,com.sciencedaily.Tres-Zap
85.92.105.159,1,8.8.135.126,21,Westbrooke,com.quantcast.Bamity
86.185.129.96,18,25.128.117.2,7,Hinze,co.g.Flowdesk
40.135.143.202,38,96.41.50.3,16,Thebault,com.sohu.Domainer
162.152.62.116,24,139.115.128.167,4,Lodovico,net.cpanel.Transcof
74.148.3.189,38,164.137.30.12,20,Denny,de.amazon.Regrant
179.254.78.55,43,46.113.115.240,2,Erik,pl.home.Keylex
163.140.97.166,18,82.185.161.145,20,Sunny,fr.unblog.Aerified
212.102.208.62,41,194.235.128.108,19,Marshall,com.friendfeed.Biodex
30.151.226.4,32,72.160.33.232,20,Vinnie,com.yelp.Lotlux
216.145.229.133,8,138.34.249.98,7,Otho,org.networkadvertising.Alpha
221.64.33.237,2,42.99.81.169,24,Bartolemo,com.addthis.Veribet
39.203.118.46,11,164.63.224.227,14,Esme,com.dropbox.Alpha
183.45.104.73,16,243.219.84.121,12,Pieter,uk.co.ebay.Tres-Zap
228.16.3.222,44,153.173.162.93,5,Maurits,ru.rambler.Konklux
188.65.193.237,19,156.110.40.12,9,Slade,fr.pagesperso-orange.Veribet
155.93.31.251,11,125.159.31.204,3,Darrell,com.sohu.Tres-Zap
148.127.136.161,36,23.145.104.64,2,Zaccaria,me.flavors.Bytecard
73.229.52.40,45,40.171.47.110,20,Skylar,gov.nih.Greenlam
31.75.62.225,3,69.33.8.5,15,Garth,edu.ucsd.Stronghold
50.25.232.51,48,210.128.16.42,17,Vaughn,com.hostgator.Otcom
103.114.160.237,17,0.10.233.129,2,Ingar,org.un.Veribet
25.156.32.253,27,116.70.3.181,22,Sanders,com.marketwatch.Biodex
153.50.48.209,47,108.36.211.84,20,Phil,com.kickstarter.Bamity
175.65.198.179,41,24.68.3.87,5,Gaspar,com.businessweek.Asoka
226.173.168.19,38,20.156.151.196,14,Niels,com.netlog.Alphazap
201.230.119.19,6,247.227.142.47,4,Wilbur,com.facebook.Gembucket
36.164.61.159,20,192.219.139.252,13,Izak,com.sciencedirect.Tampflex
209.246.178.153,29,181.70.101.176,13,Eziechiele,com.sbwire.Bigtax
71.80.231.170,3,49.161.71.213,9,Lawry,jp.co.infoseek.Andalax
143.247.79.208,42,70.206.56.247,12,Edd,com.examiner.Overhold
30.187.197.117,5,60.14.196.243,20,Rodolfo,com.blogs.Fix San
225.73.103.85,10,79.89.150.29,24,Ransom,org.wordpress.Aerified
212.141.24.121,29,96.133.69.24,2,Shannon,uk.co.guardian.Ventosanzap
185.34.86.236,40,118.40.233.169,2,Wilton,com.acquirethisname.Ronstring
105.51.159.38,37,128.115.95.171,3,Egor,uk.co.ebay.Stringtough
239.241.96.224,13,184.227.228.119,19,Robers,com.forbes.Toughjoyfax
82.68.218.91,45,215.140.97.161,23,Addy,com.amazonaws.Keylex
221.159.227.171,28,88.238.71.198,10,Basilio,vu.de.Kanlam
196.170.105.93,23,166.33.109.173,18,Gustave,com.bandcamp.Cookley
73.127.93.248,29,84.195.248.83,23,Dominique,com.tmall.Daltfresh
55.175.123.95,24,14.10.3.160,3,Lock,com.tmall.Voltsillam
102.2.199.205,24,253.207.180.89,20,Hebert,net.comcast.Cardguard
45.36.238.19,5,180.105.37.217,4,Tripp,com.ihg.Konklab
6.252.23.154,10,226.112.244.240,1,Rip,cn.gov.miibeian.Stringtough
233.44.207.69,16,211.19.94.209,15,Thurstan,com.linkedin.Andalax
231.243.250.157,8,64.32.33.75,16,Stearn,edu.illinois.Fix San
59.208.150.139,25,13.132.53.153,16,Cleavland,com.bizjournals.Bytecard
140.163.234.64,4,185.190.12.132,5,Isa,com.vistaprint.Sonair
127.202.182.181,11,140.205.232.102,21,Artie,fr.free.Overhold
193.149.175.90,34,54.137.78.30,5,Towny,com.reference.It
8.125.208.112,18,232.166.39.121,11,Alister,com.businessweek.Konklux
102.137.173.221,36,97.105.180.7,9,Murvyn,com.globo.Prodder
1.80.207.228,16,52.122.142.94,19,Lion,com.nifty.Lotstring
63.105.118.100,32,232.142.114.139,13,Timofei,com.businessweek.Kanlam
143.3.30.161,11,217.144.29.93,22,Gino,net.php.Y-Solowarm
10.203.173.105,5,237.139.22.3,14,Matt,com.shinystat.Opela
253.226.222.107,21,225.102.152.15,19,Gilburt,com.multiply.Alpha
108.47.38.207,9,74.117.208.223,22,Holmes,edu.tamu.Keylex
238.189.204.36,11,21.43.26.247,19,Myrwyn,edu.si.Bamity
100.217.194.95,32,165.233.123.123,21,Bobbie,org.creativecommons.Fintone
239.157.235.252,37,244.208.226.133,5,Saxon,com.mysql.Pannier
204.123.213.135,33,130.203.83.131,9,Romeo,com.wsj.Rank
143.50.156.138,14,44.74.3.80,14,Gill,com.ft.Sonsing
62.100.139.123,24,164.101.76.161,22,Bjorn,jp.shop-pro.Namfix
116.118.19.179,32,249.168.115.251,23,Sebastien,net.comcast.Ventosanzap
40.58.239.203,46,241.139.124.117,18,Arnie,com.netlog.Keylex
166.139.35.206,4,177.93.165.202,21,Galven,gov.cdc.Kanlam
137.67.130.134,7,1.27.125.66,10,Brooke,com.stumbleupon.Quo Lux
140.9.57.185,33,104.115.159.122,21,Nev,com.shutterfly.Voyatouch
56.139.94.164,2,17.10.234.233,23,Hamil,com.nba.Duobam
175.171.17.219,27,198.144.125.193,17,Hermy,edu.cornell.Y-Solowarm
7.141.3.172,40,42.217.29.185,5,Andrey,org.redcross.Ronstring
214.100.1.82,5,25.213.180.181,21,Cyrill,jp.ne.sakura.Job
163.107.187.158,31,109.210.67.141,19,Tyler,com.reddit.Job
234.22.130.13,41,241.44.48.14,13,Haroun,com.histats.Tin
199.110.94.8,31,63.246.117.109,15,Dalt,com.hugedomains.Zoolab
204.239.87.227,21,36.95.113.69,17,Christoffer,com.microsoft.Tampflex
144.196.148.23,36,107.99.101.225,10,Obediah,com.dedecms.Andalax
249.203.222.212,40,169.21.77.85,10,Skelly,org.edublogs.Zathin
132.228.217.150,38,212.223.223.183,7,Nels,ru.vkontakte.Opela
56.209.222.132,28,95.86.223.221,15,Myer,com.oakley.Aerified
93.9.227.151,8,116.128.43.196,20,Portie,jp.jugem.Greenlam
248.10.98.30,1,219.167.14.96,11,Hilary,com.bloomberg.Bytecard
69.113.37.201,37,4.16.86.95,3,Thurstan,com.naver.Latlux
123.110.128.139,41,225.206.57.24,13,Russell,com.parallels.Y-find
90.58.45.237,8,92.116.151.29,11,Thornton,com.ted.Lotstring
199.207.95.29,1,234.152.125.247,17,Barris,com.aol.It
245.232.28.195,21,163.21.226.161,8,Doug,vu.de.Namfix
204.157.159.245,38,53.249.194.58,16,Artemis,com.livejournal.Ronstring
164.224.30.99,29,18.78.167.221,11,Hendrik,uk.co.guardian.Zaam-Dox
27.40.12.82,33,92.0.161.202,8,Cletis,com.blogger.Tres-Zap
192.38.184.156,6,234.122.51.198,1,Harrison,uk.co.bbc.Konklux
182.182.57.101,24,221.28.196.98,14,Case,edu.arizona.Tresom
32.13.125.159,16,200.33.139.51,13,Riccardo,com.typepad.Fix San
115.23.111.196,9,241.22.234.209,7,Obadiah,com.vistaprint.It
5.115.140.74,35,252.131.139.155,7,Sergei,com.pcworld.Konklux
69.66.63.50,3,110.197.27.37,24,Allan,cn.gov.miibeian.Cardguard
29.203.232.100,38,255.114.236.27,11,Mylo,com.bing.Viva
237.63.136.216,4,42.147.95.79,4,Brion,com.chron.Namfix
203.59.97.108,38,30.78.75.138,12,Bink,com.howstuffworks.Job
177.57.215.128,13,60.127.0.64,22,Theodore,com.hexun.Alpha
200.177.96.220,12,60.166.111.21,18,Grover,com.homestead.Cardify
61.134.72.38,2,152.205.61.146,23,Patrizio,gov.usa.Treeflex
206.186.94.176,18,61.64.66.169,9,Malachi,com.businessweek.Konklux
76.86.153.26,18,175.47.231.234,11,Noble,org.redcross.Fix San
2.109.124.129,48,187.172.7.255,14,Francis,com.biblegateway.Bytecard
225.64.197.180,16,64.94.205.149,2,Clive,com.discovery.Quo Lux
103.72.91.220,11,133.218.46.70,17,Rand,com.facebook.Sonsing
9.105.210.247,18,151.90.230.195,21,Kennan,net.cpanel.Temp
66.87.121.185,18,126.47.241.54,9,Julian,com.wunderground.Cookley
70.136.57.174,43,191.68.248.225,16,Rand,com.indiegogo.Cookley
70.38.137.8,13,64.244.159.150,19,Leonid,com.disqus.Job
112.120.152.146,3,214.48.67.104,8,Quintus,com.fc2.Fixflex
132.146.64.73,5,247.35.233.70,11,Bil,com.vimeo.Sub-Ex
106.210.105.151,7,113.130.49.34,11,Sancho,uk.co.independent.Zathin
1.65.65.205,37,10.251.151.224,2,Nappie,com.tumblr.Namfix
18.209.151.76,12,5.172.207.224,3,Tanny,com.cdbaby.Pannier
188.80.2.186,12,85.14.99.123,4,Farlay,au.org.auda.Alphazap
88.202.91.200,12,155.1.237.165,6,Donnie,com.nytimes.Lotstring
17.152.197.111,27,167.121.137.110,4,Rufus,com.fc2.Y-Solowarm
163.219.0.161,31,177.39.74.36,13,Jamal,com.sitemeter.Greenlam
253.191.75.146,39,102.127.153.244,24,Gaspar,edu.utexas.Gembucket
69.202.214.247,17,246.0.65.216,24,Antone,com.ibm.Sonair
219.50.230.162,33,26.91.205.89,13,Burt,au.gov.privacy.Fix San
172.51.50.15,22,41.84.55.47,7,Geoffry,com.sun.Viva
10.84.171.198,11,157.155.89.41,22,Jehu,gov.senate.Tampflex
176.135.79.237,7,202.55.197.88,16,Billie,com.lulu.Voltsillam
21.180.54.37,12,49.36.16.8,23,Mario,com.newsvine.Viva
68.212.230.175,30,34.168.53.99,8,Marlowe,com.reference.Alphazap
240.201.72.146,36,130.60.144.250,19,Ash,com.histats.Tin
72.158.54.170,20,107.82.12.130,7,Bronnie,com.parallels.Voyatouch
100.30.100.122,9,214.108.238.253,2,Gardy,com.icq.Fix San
207.227.209.100,23,93.108.109.193,2,Pen,com.posterous.Veribet
85.57.120.128,9,161.229.194.74,2,Rourke,net.earthlink.Overhold
8.20.35.161,44,94.248.246.48,19,Thornie,com.storify.Namfix
240.130.59.80,31,87.118.1.20,14,Decca,org.slashdot.Cookley
244.100.169.221,34,210.212.253.3,1,Fitz,gov.va.Voyatouch
97.100.11.48,29,250.119.151.187,14,Pate,edu.uiuc.Voyatouch
16.64.228.105,23,237.104.69.11,11,Lawry,com.wordpress.Viva
30.228.187.18,21,73.113.56.77,16,Normand,com.scientificamerican.Redhold
34.207.194.1,2,74.130.71.160,1,Quincy,com.tripadvisor.Latlux
117.201.187.85,13,124.185.82.175,23,Roley,com.topsy.Aerified
33.173.40.238,2,9.9.65.88,10,Roddie,com.homestead.Asoka
205.35.72.151,37,111.214.235.252,5,Victoir,com.mapquest.Zontrax
25.87.158.209,7,127.5.50.91,24,Archibald,com.smugmug.Sub-Ex
92.8.57.148,43,193.153.91.45,16,Bryan,com.mayoclinic.Gembucket
112.179.251.228,9,181.165.6.39,12,Beck,com.youku.Ronstring
66.43.131.216,22,109.241.104.178,22,Angie,com.nytimes.Mat Lam Tam
205.246.55.184,13,138.40.146.221,10,Brandtr,la.51.Quo Lux
228.170.54.185,41,205.173.126.189,22,Lodovico,uk.ac.ox.Y-find
190.136.5.99,32,142.56.146.179,17,Grove,net.comcast.Bitwolf
210.29.200.100,25,39.164.150.238,16,Gallagher,com.salon.Tempsoft
144.225.37.240,44,99.47.55.117,17,Costa,com.mapquest.Zontrax
207.43.18.133,24,223.121.128.16,8,Gerald,com.blog.Latlux
35.49.189.254,45,226.175.222.105,3,Enoch,com.wp.Opela
92.153.240.53,15,214.149.98.75,4,Lincoln,io.github.Matsoft
126.240.122.29,48,131.219.187.190,14,Clywd,com.globo.Stim
24.101.170.36,36,38.136.129.117,1,Mohammed,com.examiner.Andalax
247.230.89.48,15,247.105.36.208,10,Taddeo,com.barnesandnoble.Vagram
174.189.121.212,40,187.252.216.16,16,Ezri,com.patch.Cookley
173.67.232.123,9,212.194.87.200,24,Jule,uk.co.amazon.Sub-Ex
142.253.224.240,36,183.154.73.128,19,Trevar,ch.admin.Redhold
41.87.81.209,41,201.145.181.149,8,Sampson,com.google.Viva
116.135.158.23,12,45.26.246.61,10,Frazer,com.histats.Andalax
149.122.254.56,38,66.245.65.233,5,Kurtis,com.seattletimes.Domainer
61.88.114.57,37,254.67.53.215,12,Nolly,com.patch.Stringtough
65.236.138.252,13,78.104.138.138,19,Piotr,com.mysql.Cardify
203.52.192.222,22,75.17.212.14,14,Erhard,de.google.Hatity
254.6.176.152,25,150.197.211.202,17,Ruby,ch.admin.Home Ing
93.57.53.175,31,189.215.85.175,21,Allen,edu.cornell.Hatity
198.141.233.12,1,242.95.191.55,15,Barrett,com.gizmodo.Namfix
76.131.206.122,14,213.7.131.24,15,Barthel,com.facebook.Pannier
207.212.74.248,24,108.60.140.58,7,Morgan,com.bloglovin.Rank
190.110.169.186,8,241.54.182.179,1,Arvie,com.aol.Lotlux
209.196.241.54,23,174.86.196.146,7,Pancho,com.flickr.Hatity
86.10.21.245,37,120.237.243.225,17,Kellen,com.forbes.Kanlam
245.167.14.86,43,77.202.109.222,17,Caldwell,edu.si.Zamit
183.224.228.255,34,153.19.108.44,12,Jameson,com.alexa.Alpha
124.104.31.120,26,147.90.156.177,10,Udall,com.ted.Cardify
192.156.7.248,46,155.179.175.161,14,Victor,com.meetup.Stringtough
193.187.186.15,38,76.43.84.54,20,Lev,com.wired.Subin
64.166.237.77,22,102.205.162.173,8,Lemuel,ca.google.Keylex
241.23.189.24,43,19.125.70.183,4,Ervin,org.edublogs.Cardguard
193.87.108.33,19,87.202.68.12,6,Ivar,edu.si.Stringtough
120.54.122.147,42,234.41.125.150,15,Gage,com.sciencedirect.Aerified
174.176.213.172,35,4.139.76.122,12,Papageno,gov.hud.Gembucket
141.80.125.248,47,81.40.64.238,3,Aluino,cz.toplist.Voyatouch
125.69.49.246,14,173.117.155.206,10,Neddie,com.ifeng.Keylex
224.141.43.45,16,249.203.142.87,10,Hewett,com.pinterest.Bamity
125.206.229.233,20,44.254.80.148,13,Jone,com.yahoo.Domainer
240.31.147.210,43,36.16.196.184,14,Zeke,org.creativecommons.Temp
45.102.100.156,10,42.245.133.134,15,Tony,ru.yandex.Matsoft
198.231.6.108,16,72.90.79.213,5,Theodore,gov.usgs.Zaam-Dox
194.228.9.145,45,193.6.172.200,23,Berkly,com.ft.Asoka
105.15.254.77,32,124.57.36.146,20,Sloane,pl.home.Subin
184.83.83.109,5,87.243.130.81,22,Horten,com.tmall.Tempsoft
6.174.229.158,4,218.184.234.66,3,Lannie,com.techcrunch.Zontrax
90.158.119.195,23,57.139.168.19,24,Matthus,jp.co.infoseek.Job
